{
    "time": [
        1619765079290,
        1619851479290,
        1619937879290,
        1620024279290,
        1620110679290,
        1620197079290,
        1620283479290,
        1620369879290,
        1620456279290,
        1620542679290
    ],
    "sensor-0": [
        2.5089797026408256,
        -9.069077922457804,
        4.190652652929048,
        -3.615763336488431,
        -3.7682517262714157,
        -3.329414622210285,
        -4.591287676109342,
        3.392364338123084,
        -3.454445026606612,
        4.305158404139453
    ],
    "sensor-1": [
        -6.490088028425582,
        8.35240231008472,
        -7.122922215217823,
        -5.332264997782389,
        -2.302900572196144,
        -7.080296311559472,
        -5.543404828570267,
        -7.779276368936774,
        4.695507525382152,
        -0.6348852099778348
    ],
    "sensor-2": [
        1.1504751954686085,
        7.1384647695717,
        9.57650348030504,
        6.27043949010643,
        -4.328862705677476,
        -3.2442097489267496,
        0.6214466048602993,
        -4.387250930495927,
        -0.32333198937048024,
        8.621022275841863
    ],
    "sensor-3": [
        4.753952411568645,
        -7.8887431926480325,
        -3.220079083993003,
        -1.910693251794564,
        2.7654089233991064,
        3.869951864757013,
        -5.703973434226711,
        -4.297712300569184,
        -1.582820213036932,
        0.6160775258822326
    ],
    "sensor-4": [
        7.4260787975108,
        4.469268041277217,
        4.411453886946659,
        -0.08365035353758898,
        6.539175707490306,
        0.9880379027063988,
        6.497181768056763,
        7.242645055264574,
        -1.9476284779646758,
        1.1818938378644805
    ],
    "sensor-5": [
        9.976327638170886,
        -8.54920295985795,
        -3.0681688561945197,
        -9.433855292563742,
        -5.679306007978244,
        1.725119709951608,
        -2.1459918672006992,
        -5.631979057015407,
        3.868345943146818,
        0.30359034922744854
    ],
    "sensor-6": [
        -7.8468771844099585,
        -8.008872260638874,
        4.98842415551926,
        -3.6986971827401973,
        -0.7043086913895955,
        6.1903708285197645,
        6.863304209890138,
        -7.540252137946229,
        5.504200596550484,
        2.3894197458130995
    ],
    "sensor-7": [
        -3.24198709447829,
        -9.167821978206344,
        1.2357588481680324,
        2.6305440520881707,
        9.28560220292773,
        -9.235254836056157,
        6.542675911243934,
        -8.345408892662604,
        -1.151388363740029,
        -1.0475824123715238
    ],
    "sensor-8": [
        -6.671466442690974,
        8.454314956708963,
        0.09404010698473542,
        -0.7045910137737632,
        -8.112561852624559,
        7.192734952655524,
        1.6103442073384233,
        -8.04638548243485,
        -1.6071202704615573,
        -1.492614461697844
    ],
    "sensor-9": [
        4.557065347775824,
        6.62425281929786,
        -5.288461867594574,
        9.42874685122504,
        -9.539471258332313,
        1.7866526129341622,
        8.318856891746144,
        -4.019798783759811,
        -3.5363412993103527,
        1.2191428400225313
    ],
    "names": [
        "sensor-0",
        "sensor-1",
        "sensor-2",
        "sensor-3",
        "sensor-4",
        "sensor-5",
        "sensor-6",
        "sensor-7",
        "sensor-8",
        "sensor-9"
    ],
    "vessels": [
        {
            "name": "Hurtigruta",
            "id": 1
        },
        {
            "name": "Titanic",
            "id": 2
        },
        {
            "name": "Superspeed",
            "id": 3
        },
        {
            "name": "Oseberg",
            "id": 4
        },
        {
            "name": "Olympic",
            "id": 5
        }
    ]
}